chromosome_name,start_position,end_position,type
12,27715516,29628080,DEL
17,41784108,42438203,DUP
19,43242796,43741310,DEL
22,18912231,21465672,DUP
12,12864101,14983330,DEL
11,45904399,46480747,DEL
18,53049652,53134356,DEL
22,40654201,40659533,DEL
15,30507853,30807921,DEL
1,1379519,1435227,DEL
13,20812000,21012000,DEL
17,553250,1353250,DEL
22,31645547,32807482,DEL
9,108597937,111269478,DEL
X,23223505,23660309,DEL
5,125989631,126295396,DUP
2,45408934,45976420,DUP
4,69373811,69491113,DEL
19,18291753,18311626,DUP
3,190380498,191783134,DEL
17,13029888,14707559,DUP
